ОПНХГБНДХРЕКЭ ;ЮПРХЙСК;ЙНК-БН;БУНДМЮЪ ЖЕМЮ;МЮХЛЕМНБЮМХЕ ;;;;ОНЯРЮБЫХЙ
louise;20139502;1;3653,00;оЕПВЮРЙХ VANUCCI V-TECH GR.S;;;;"ннн"" пнаепр"""
louise;20139503;2;3653,00;оЕПВЮРЙХ VANUCCI V-TECH GR.M;;;;"ннн"" пнаепр"""
louise;20139504;2;3653,00;оЕПВЮРЙХ VANUCCI V-TECH GR.L;;;;"ннн"" пнаепр"""
louise;20139505;1;3653,00;оЕПВЮРЙХ VANUCCI V-TECH GR.XL;;;;"ннн"" пнаепр"""
louise;20222842;3;14577,00;аН SIDI ADVENTURE GORE GR.42;;;;"ннн"" пнаепр"""
louise;20222843;3;14577,00;аНРХМЙХ SIDI ADVENTURE GORE GR.43;;;;"ннн"" пнаепр"""
louise;20222844;3;14577,00;аНРХМЙХ SIDI ADVENTURE GORE GR.44;;;;"ннн"" пнаепр"""
louise;20222845;3;14577,00;аНРХМЙХ SIDI ADVENTURE GORE GR.45;;;;"ннн"" пнаепр"""
louise;20231042;3;15908,00;яЮОНЦХ DAYTONA TRANS OPEN GTX GR.42;;;;"ннн"" пнаепр"""
louise;20231043;3;15908,00;яЮОНЦХ DAYTONA TRANS OPEN GTX GR.43;;;;"ннн"" пнаепр"""
louise;20231044;3;15908,00;яЮОНЦХ DAYTONA TRANS OPEN GTX GR.44;;;;"ннн"" пнаепр"""
louise;20231045;3;15908,00;яЮОНЦХ DAYTONA TRANS OPEN GTX GR.45;;;;"ннн"" пнаепр"""
louise;20239107;1;14147,00;яЮОНЦХ ALPINESTARS TOUCAN US 07 GR.40,5;;;;"ннн"" пнаепр"""
louise;20239108;1;14147,00;яЮОНЦХ ALPINESTARS TOUCAN US 08 GR.42;;;;"ннн"" пнаепр"""
louise;20239109;2;14147,00;яЮОНЦХ ALPINESTARS TOUCAN US 09 GR.43 ;;;;"ннн"" пнаепр"""
louise;20239110;2;14147,00;яЮОНЦХ ALPINESTARS TOUCAN US 10 GR.44,5;;;;"ннн"" пнаепр"""
louise;20239111;2;14147,00;яЮОНЦХ ALPINESTARS TOUCAN US 11 GR.45,5 ;;;;"ннн"" пнаепр"""
louise;20239112;1;14147,00;яЮОНЦХ ALPINESTARS TOUCAN US 12 GR.47;;;;"ннн"" пнаепр"""
louise;20242142;3;14577,00;яЮОНЦХ DAYTONA TRAVEL STAR GTX GR.42;;;;"ннн"" пнаепр"""
louise;20242143;3;14577,00;яЮОНЦХ DAYTONA TRAVEL STAR GTX GR.43;;;;"ннн"" пнаепр"""
louise;20242144;3;14577,00;яЮОНЦХ DAYTONA TRAVEL STAR GTX GR.44;;;;"ннн"" пнаепр"""
louise;20242145;1;14577,00;яЮОНЦХ DAYTONA TRAVEL STAR GTX GR.45;;;;"ннн"" пнаепр"""
louise;20249641;3;10922,00;яЮОНЦХ DAYTONA SPIRIT XCR GR.41;;;;"ннн"" пнаепр"""
louise;20249642;3;10922,00;яЮОНЦХ DAYTONA SPIRIT XCR GR.42;;;;"ннн"" пнаепр"""
louise;20249643;3;10922,00;яЮОНЦХ DAYTONA SPIRIT XCR GR.43;;;;"ннн"" пнаепр"""
louise;20249644;3;10922,00;яЮОНЦХ DAYTONA SPIRIT XCR GR.44;;;;"ннн"" пнаепр"""
louise;20249645;3;10922,00;яЮОНЦХ DAYTONA SPIRIT XCR GR.45;;;;"ннн"" пнаепр"""
louise;20522203;2;1503,00;PROOF TYPE I REGENJACKE GR.M;;;;"ннн"" пнаепр"""
louise;20522204;3;1503,00;PROOF TYPE I REGENJACKE GR.L;;;;"ннн"" пнаепр"""
louise;20522205;3;1718,00;PROOF TYPE I REGENJACKE GR.XL;;;;"ннн"" пнаепр"""
louise;20522206;3;1718,00;PROOF TYPE I REGENJACKE GR.XXL;;;;"ннн"" пнаепр"""
louise;20522703;2;1503,00;PROOF TYPE I REGENJACKE GR.M;;;;"ннн"" пнаепр"""
louise;20522704;3;1503,00;PROOF TYPE I REGENJACKE GR.L;;;;"ннн"" пнаепр"""
louise;20522705;3;1718,00;PROOF TYPE I REGENJACKE GR.XL;;;;"ннн"" пнаепр"""
louise;20522706;3;1718,00;PROOF TYPE I REGENJACKE GR.XXL;;;;"ннн"" пнаепр"""
louise;20522903;2;1288,00;PROOF TYPE I REGENHOSE GR.M;;;;"ннн"" пнаепр"""
louise;20522904;2;1288,00;PROOF TYPE I REGENHOSE GR.L;;;;"ннн"" пнаепр"""
louise;20522905;2;1503,00;PROOF TYPE I REGENHOSE GR.XL;;;;"ннн"" пнаепр"""
louise;20522906;2;1503,00;PROOF TYPE I REGENHOSE GR.XXL;;;;"ннн"" пнаепр"""
louise;20558003;2;559,00;оНЪЯ PROBIKER NIERENGURT MX GR.M 75-100CM;;;;"ннн"" пнаепр"""
louise;20558003;2;559,00;оНЪЯ PROBIKER NIERENGURT MX GR.M 75-100CM;;;;"ннн"" пнаепр"""
louise;20558004;2;559,00;оНЪЯ PROBIKER NIERENGURT MX GR.L 80-110CM;;;;"ннн"" пнаепр"""
louise;20564603;1;1073,00;оНЪЯ VANUCCI NIERENGURT GR.M SCHWARZ;;;;"ннн"" пнаепр"""
louise;20564604;1;1073,00;оНЪЯ VANUCCI NIERENGURT GR.L SCHWARZ;;;;"ннн"" пнаепр"""
louise;20564605;1;1073,00;оНЪЯ VANUCCI NIERENGURT GR.XL SCHWARZ;;;;"ннн"" пнаепр"""
louise;20888704;2;1718,00;PROOF AQUA ZIP II GR.L;;;;"ннн"" пнаепр"""
louise;20888705;2;1933,00;PROOF AQUA ZIP II GR.XL;;;;"ннн"" пнаепр"""
louise;20888706;2;1933,00;PROOF AQUA ZIP II GR.2XL;;;;"ннн"" пнаепр"""
louise;20891803;1;5547,00;VANUCCI PROTEKTORENWESTE GR. M;;;;"ннн"" пнаепр"""
louise;20891804;1;5547,00;VANUCCI PROTEKTORENWESTE GR. L;;;;"ннн"" пнаепр"""
louise;20891805;1;5547,00;VANUCCI PROTEKTORENWESTE GR.XL;;;;"ннн"" пнаепр"""
louise;20892503;1;6448,00;VANUCCI PROTEKTORENJACKE GR.M;;;;"ннн"" пнаепр"""
louise;20892504;1;6448,00;VANUCCI PROTEKTORENJACKE GR.L;;;;"ннн"" пнаепр"""
louise;20892505;1;6448,00;VANUCCI PROTEKTORENJACKE GR.XL;;;;"ннн"" пнаепр"""
louise;20917527;2;215,00;йЕОЙЮ STREETFIGHTER;;;;"ннн"" пнаепр"""
louise;20917539;2;344,00;йЕОЙЮ VANUCCI;;;;"ннн"" пнаепр"""
louise;20917550;3;344,00;йЕОЙЮ AJS;;;;"ннн"" пнаепр"""
louise;20917551;3;344,00;йЕОЙЮ AJS;;;;"ннн"" пнаепр"""
louise;20917552;3;344,00;йЕОЙЮ STREETFIGHTER;;;;"ннн"" пнаепр"""
louise;20917553;2;344,00;йЕОЙЮ HIGHWAY 1 ;;;;"ннн"" пнаепр"""
louise;20956804;2;1933,00;RUKKA SEAMLESS MAX SHIRT GR.L/XL;;;;"ннн"" пнаепр"""
louise;20956904;2;1933,00;RUKKA SEAMLESS MAX HOSE GR.L/XL;;;;"ннн"" пнаепр"""
louise;20972503;3;430,00;PROBIKER STURMHAUBE GR.M;;;;"ннн"" пнаепр"""
louise;20972504;3;430,00;PROBIKER STURMHAUBE GR.L;;;;"ннн"" пнаепр"""
louise;21035803;2;2148,00;X-BIONIC INVENT GR.M;;;;"ннн"" пнаепр"""
louise;21035804;2;2148,00;X-BIONIC INVENT GR.L;;;;"ннн"" пнаепр"""
louise;21035805;2;2148,00;X-BIONIC INVENT GR.XL;;;;"ннн"" пнаепр"""
louise;21037103;1;2148,00;VANUCCI WINDMASTER GR.M;;;;"ннн"" пнаепр"""
louise;21037104;1;2148,00;VANUCCI WINDMASTER GR.L;;;;"ннн"" пнаепр"""
louise;21037105;1;2148,00;VANUCCI WINDMASTER GR.XL;;;;"ннн"" пнаепр"""
louise;21037106;1;2148,00;VANUCCI WINDMASTER GR.XXL;;;;"ннн"" пнаепр"""
louise;21506356;1;25585,00;SCHUBERTH C3 PRO GR.56/57 MATT SCHWARZ;;;;"ннн"" пнаепр"""
louise;21506358;2;25585,00;SCHUBERTH C3 PRO GR.58/59 MATT SCHWARZ;;;;"ннн"" пнаепр"""
louise;21506360;2;25585,00;SCHUBERTH C3 PRO GR.60/61 MATT SCHWARZ;;;;"ннн"" пнаепр"""
louise;21506362;1;25585,00;SCHUBERTH C3 PRO GR.62/63 MATT SCHWARZ;;;;"ннн"" пнаепр"""
louise;21506456;1;25585,00;SCHUBERTH C3 PRO GR.56/57 WEISS ;;;;"ннн"" пнаепр"""
louise;21506458;2;25585,00;SCHUBERTH C3 PRO GR.58/59 WEISS;;;;"ннн"" пнаепр"""
louise;21506460;2;25585,00;SCHUBERTH C3 PRO GR.60/61 WEISS;;;;"ннн"" пнаепр"""
louise;21506462;1;25585,00;SCHUBERTH C3 PRO GR.62/63 WEISS;;;;"ннн"" пнаепр"""
louise;21506556;1;26875,00;SCHUBERTH C3 PRO GR.56/57 SILBER METALLIC;;;;"ннн"" пнаепр"""
louise;21506558;2;26875,00;SCHUBERTH C3 PRO GR.58/59 SILBER METALLIC;;;;"ннн"" пнаепр"""
louise;21506560;2;26875,00;SCHUBERTH C3 PRO GR.60/61 SILBER METALLIC;;;;"ннн"" пнаепр"""
louise;21506562;1;26875,00;SCHUBERTH C3 PRO GR.62/63 SILBER METALLIC;;;;"ннн"" пнаепр"""
louise;20887003;2;731,00;PROOF REGENGAMASCHEN GR.M-40/41;;;;"ннн"" пнаепр"""
louise;20956802;2;1933,00;RUKKA SEAMLESS MAX SHIRT GR.S/M;;;;"ннн"" пнаепр"""
louise;20956806;2;1933,00;RUKKA SEAMLESS MAX SHIRT GR.XXL/3XL;;;;"ннн"" пнаепр"""
louise;20956902;2;1933,00;RUKKA SEAMLESS MAX HOSE GR.S/M;;;;"ннн"" пнаепр"""
louise;20956906;2;1933,00;RUKKA SEAMLESS MAX HOSE GR.XXL/3XL;;;;"ннн"" пнаепр"""
